run_id,dataset,encoder,method,finetune,seed,acc,macro_f1,accuracy,weighted_f1,precision,recall,f1_WALKING,f1_WALKING_UPSTAIRS,f1_WALKING_DOWNSTAIRS,f1_SITTING,f1_STANDING,f1_LAYING
smoke_mae_ptst,har_tfc,patchtst,mae,freeze,42,0.4544,0.3790524857721697,0.4543603664743807,0.37841334603591315,0.45118695731762565,0.45884906656102914,0.47374301675977654,0.26021180030257185,0.5675471698113208,0.003913894324853229,0.588495575221239,0.3804034582132565
smoke_simclr_cnn,har_tfc,cnn_tfc,simclr,freeze,42,0.7194,0.7065606802625638,0.7193756362402444,0.7112333398685183,0.7577374668981128,0.7082218530980072,0.727130570758405,0.5917312661498708,0.7213114754098361,0.5189718482252142,0.6802189210320563,1.0
smoke_sup_cnn,har_tfc,cnn_tfc,supervised,full,42,0.6960,0.6452214723015071,0.6959619952494062,0.6591376717371504,0.7438985551411372,0.6816859374829513,0.9128014842300557,0.7346613545816733,0.208955223880597,0.5119521912350598,0.5029585798816568,1.0
smoke_sup_pmix,har_tfc,patchtsmixer,supervised,full,42,0.5280,0.4647430920626383,0.5279945707499152,0.4649082191296795,0.5168374803791825,0.5234768738264627,0.5843621399176955,0.1540983606557377,0.7643312101910829,0.01391304347826087,0.6243259436788496,0.6474278544542033
smoke_sup_ptst,har_tfc,patchtst,supervised,full,42,0.3624,0.306122477154962,0.36240244316253817,0.2951872798963985,0.29873427479959197,0.37480423373648236,0.48533333333333334,0.4159854677565849,0.5902222222222222,0.0,0.0,0.34519383961763145
smoke_sup_resnet,har_tfc,resnet1d,supervised,full,42,0.7309,0.6935218226172705,0.7309127926705123,0.6840687322037426,0.7168539581978931,0.7383226958489774,0.8354430379746836,0.7709637046307884,0.8975979772439949,0.6130584192439863,0.04406779661016949,1.0
smoke_tfc_cnn,har_tfc,cnn_tfc,tfc,freeze,42,0.6919,0.6612525215049949,0.6918900576857822,0.6683092023890712,0.7563841486889818,0.6770100483955575,0.6927374301675978,0.48,0.6666666666666666,0.42257597684515197,0.7055350553505535,1.0
smoke_tstcc_cnn,har_tfc,cnn_tfc,tstcc,full,42,0.8096,0.8065688506760794,0.8096369189005769,0.8046489575710265,0.8229779259111208,0.8089433486163292,0.8763250883392226,0.8181818181818182,0.9365853658536586,0.5344619105199516,0.6738589211618258,1.0
